Resolution,InstancingMethod,QuadtreeDepth,GlyphAtlas,UseShadows,Frametime,Framerate
1440x773,None,3,lodAtlas,true,33,30.303030303030305
1440x773,None,3,lodAtlas,true,33.099999994039536,30.21148036797808
1440x773,None,3,lodAtlas,true,33.29999999701977,30.03003003271761
1440x773,None,3,lodAtlas,true,33.29999999701977,30.03003003271761
1440x773,None,3,lodAtlas,true,33.3999999910593,29.940119768493577
1440x773,None,3,lodAtlas,true,33.400000005960464,29.940119755136017
1440x773,None,3,lodAtlas,true,33.5,29.850746268656717
1440x773,None,3,lodAtlas,true,33.5,29.850746268656717
1440x773,None,3,lodAtlas,true,33.5,29.850746268656717
1440x773,None,3,lodAtlas,true,33.5,29.850746268656717
1440x773,None,3,lodAtlas,true,33.5,29.850746268656717
1440x773,None,3,lodAtlas,true,33.599999994039536,29.76190476718437
1440x773,None,3,lodAtlas,true,33.599999994039536,29.76190476718437
1440x773,None,3,lodAtlas,true,33.599999994039536,29.76190476718437
1440x773,None,3,lodAtlas,true,33.599999994039536,29.76190476718437
1440x773,None,3,lodAtlas,true,33.599999994039536,29.76190476718437
1440x773,None,3,lodAtlas,true,33.6000000089407,29.761904753985352
1440x773,None,3,lodAtlas,true,33.6000000089407,29.761904753985352
1440x773,None,3,lodAtlas,true,33.6000000089407,29.761904753985352
1440x773,None,3,lodAtlas,true,33.69999998807907,29.67359051494768
1440x773,None,3,lodAtlas,true,33.69999998807907,29.67359051494768
1440x773,None,3,lodAtlas,true,33.69999998807907,29.67359051494768
1440x773,None,3,lodAtlas,true,33.69999998807907,29.67359051494768
1440x773,None,3,lodAtlas,true,33.70000000298023,29.67359050182688
1440x773,None,3,lodAtlas,true,33.70000000298023,29.67359050182688
1440x773,None,3,lodAtlas,true,33.70000000298023,29.67359050182688
1440x773,None,3,lodAtlas,true,33.70000000298023,29.67359050182688
1440x773,None,3,lodAtlas,true,33.70000000298023,29.67359050182688
1440x773,None,3,lodAtlas,true,33.70000000298023,29.67359050182688
1440x773,None,3,lodAtlas,true,33.70000000298023,29.67359050182688
1440x773,None,3,lodAtlas,true,33.70000000298023,29.67359050182688
1440x773,None,3,lodAtlas,true,33.70000000298023,29.67359050182688
1440x773,None,3,lodAtlas,true,33.70000000298023,29.67359050182688
1440x773,None,3,lodAtlas,true,33.70000000298023,29.67359050182688
1440x773,None,3,lodAtlas,true,33.70000000298023,29.67359050182688
1440x773,None,3,lodAtlas,true,33.70000000298023,29.67359050182688
1440x773,None,3,lodAtlas,true,33.79999999701977,29.585798819176702
1440x773,None,3,lodAtlas,true,33.79999999701977,29.585798819176702
1440x773,None,3,lodAtlas,true,33.79999999701977,29.585798819176702
1440x773,None,3,lodAtlas,true,33.79999999701977,29.585798819176702
1440x773,None,3,lodAtlas,true,33.79999999701977,29.585798819176702
1440x773,None,3,lodAtlas,true,33.79999999701977,29.585798819176702
1440x773,None,3,lodAtlas,true,33.79999999701977,29.585798819176702
1440x773,None,3,lodAtlas,true,33.79999999701977,29.585798819176702
1440x773,None,3,lodAtlas,true,33.79999999701977,29.585798819176702
1440x773,None,3,lodAtlas,true,33.79999999701977,29.585798819176702
1440x773,None,3,lodAtlas,true,33.79999999701977,29.585798819176702
1440x773,None,3,lodAtlas,true,33.80000001192093,29.585798806133425
1440x773,None,3,lodAtlas,true,33.80000001192093,29.585798806133425
1440x773,None,3,lodAtlas,true,33.80000001192093,29.585798806133425
1440x773,None,3,lodAtlas,true,33.80000001192093,29.585798806133425
1440x773,None,3,lodAtlas,true,33.8999999910593,29.498525081526175
1440x773,None,3,lodAtlas,true,33.8999999910593,29.498525081526175
1440x773,None,3,lodAtlas,true,33.8999999910593,29.498525081526175
1440x773,None,3,lodAtlas,true,33.8999999910593,29.498525081526175
1440x773,None,3,lodAtlas,true,33.8999999910593,29.498525081526175
1440x773,None,3,lodAtlas,true,33.8999999910593,29.498525081526175
1440x773,None,3,lodAtlas,true,33.8999999910593,29.498525081526175
1440x773,None,3,lodAtlas,true,33.8999999910593,29.498525081526175
1440x773,None,3,lodAtlas,true,33.8999999910593,29.498525081526175
1440x773,None,3,lodAtlas,true,33.8999999910593,29.498525081526175
1440x773,None,3,lodAtlas,true,33.900000005960464,29.498525068559736
1440x773,None,3,lodAtlas,true,33.900000005960464,29.498525068559736
1440x773,None,3,lodAtlas,true,33.900000005960464,29.498525068559736
1440x773,None,3,lodAtlas,true,33.900000005960464,29.498525068559736
1440x773,None,3,lodAtlas,true,33.900000005960464,29.498525068559736
1440x773,None,3,lodAtlas,true,33.900000005960464,29.498525068559736
1440x773,None,3,lodAtlas,true,33.900000005960464,29.498525068559736
1440x773,None,3,lodAtlas,true,33.900000005960464,29.498525068559736
1440x773,None,3,lodAtlas,true,33.900000005960464,29.498525068559736
1440x773,None,3,lodAtlas,true,33.900000005960464,29.498525068559736
1440x773,None,3,lodAtlas,true,33.900000005960464,29.498525068559736
1440x773,None,3,lodAtlas,true,34,29.41176470588235
1440x773,None,3,lodAtlas,true,34,29.41176470588235
1440x773,None,3,lodAtlas,true,34,29.41176470588235
1440x773,None,3,lodAtlas,true,34,29.41176470588235
1440x773,None,3,lodAtlas,true,34,29.41176470588235
1440x773,None,3,lodAtlas,true,34,29.41176470588235
1440x773,None,3,lodAtlas,true,34,29.41176470588235
1440x773,None,3,lodAtlas,true,34,29.41176470588235
1440x773,None,3,lodAtlas,true,34,29.41176470588235
1440x773,None,3,lodAtlas,true,34,29.41176470588235
1440x773,None,3,lodAtlas,true,34,29.41176470588235
1440x773,None,3,lodAtlas,true,34,29.41176470588235
1440x773,None,3,lodAtlas,true,34,29.41176470588235
1440x773,None,3,lodAtlas,true,34,29.41176470588235
1440x773,None,3,lodAtlas,true,34,29.41176470588235
1440x773,None,3,lodAtlas,true,34,29.41176470588235
1440x773,None,3,lodAtlas,true,34.099999994039536,29.325513201606853
1440x773,None,3,lodAtlas,true,34.099999994039536,29.325513201606853
1440x773,None,3,lodAtlas,true,34.099999994039536,29.325513201606853
1440x773,None,3,lodAtlas,true,34.099999994039536,29.325513201606853
1440x773,None,3,lodAtlas,true,34.099999994039536,29.325513201606853
1440x773,None,3,lodAtlas,true,34.099999994039536,29.325513201606853
1440x773,None,3,lodAtlas,true,34.099999994039536,29.325513201606853
1440x773,None,3,lodAtlas,true,34.099999994039536,29.325513201606853
1440x773,None,3,lodAtlas,true,34.099999994039536,29.325513201606853
1440x773,None,3,lodAtlas,true,34.099999994039536,29.325513201606853
1440x773,None,3,lodAtlas,true,34.099999994039536,29.325513201606853
1440x773,None,3,lodAtlas,true,34.099999994039536,29.325513201606853
1440x773,None,3,lodAtlas,true,34.099999994039536,29.325513201606853
1440x773,None,3,lodAtlas,true,34.099999994039536,29.325513201606853
1440x773,None,3,lodAtlas,true,34.099999994039536,29.325513201606853
1440x773,None,3,lodAtlas,true,34.099999994039536,29.325513201606853
1440x773,None,3,lodAtlas,true,34.1000000089407,29.325513188792065
1440x773,None,3,lodAtlas,true,34.1000000089407,29.325513188792065
1440x773,None,3,lodAtlas,true,34.1000000089407,29.325513188792065
1440x773,None,3,lodAtlas,true,34.1000000089407,29.325513188792065
1440x773,None,3,lodAtlas,true,34.1000000089407,29.325513188792065
1440x773,None,3,lodAtlas,true,34.1000000089407,29.325513188792065
1440x773,None,3,lodAtlas,true,34.1000000089407,29.325513188792065
1440x773,None,3,lodAtlas,true,34.19999998807907,29.23976609206331
1440x773,None,3,lodAtlas,true,34.19999998807907,29.23976609206331
1440x773,None,3,lodAtlas,true,34.19999998807907,29.23976609206331
1440x773,None,3,lodAtlas,true,34.19999998807907,29.23976609206331
1440x773,None,3,lodAtlas,true,34.19999998807907,29.23976609206331
1440x773,None,3,lodAtlas,true,34.19999998807907,29.23976609206331
1440x773,None,3,lodAtlas,true,34.20000000298023,29.239766079323353
1440x773,None,3,lodAtlas,true,34.20000000298023,29.239766079323353
1440x773,None,3,lodAtlas,true,34.20000000298023,29.239766079323353
1440x773,None,3,lodAtlas,true,34.20000000298023,29.239766079323353
1440x773,None,3,lodAtlas,true,34.20000000298023,29.239766079323353
1440x773,None,3,lodAtlas,true,34.20000000298023,29.239766079323353
1440x773,None,3,lodAtlas,true,34.20000000298023,29.239766079323353
1440x773,None,3,lodAtlas,true,34.20000000298023,29.239766079323353
1440x773,None,3,lodAtlas,true,34.20000000298023,29.239766079323353
1440x773,None,3,lodAtlas,true,34.20000000298023,29.239766079323353
1440x773,None,3,lodAtlas,true,34.20000000298023,29.239766079323353
1440x773,None,3,lodAtlas,true,34.20000000298023,29.239766079323353
1440x773,None,3,lodAtlas,true,34.20000000298023,29.239766079323353
1440x773,None,3,lodAtlas,true,34.20000000298023,29.239766079323353
1440x773,None,3,lodAtlas,true,34.20000000298023,29.239766079323353
1440x773,None,3,lodAtlas,true,34.20000000298023,29.239766079323353
1440x773,None,3,lodAtlas,true,34.20000000298023,29.239766079323353
1440x773,None,3,lodAtlas,true,34.20000000298023,29.239766079323353
1440x773,None,3,lodAtlas,true,34.20000000298023,29.239766079323353
1440x773,None,3,lodAtlas,true,34.20000000298023,29.239766079323353
1440x773,None,3,lodAtlas,true,34.20000000298023,29.239766079323353
1440x773,None,3,lodAtlas,true,34.20000000298023,29.239766079323353
1440x773,None,3,lodAtlas,true,34.20000000298023,29.239766079323353
1440x773,None,3,lodAtlas,true,34.29999999701977,29.154518952970474
1440x773,None,3,lodAtlas,true,34.29999999701977,29.154518952970474
1440x773,None,3,lodAtlas,true,34.29999999701977,29.154518952970474
1440x773,None,3,lodAtlas,true,34.29999999701977,29.154518952970474
1440x773,None,3,lodAtlas,true,34.29999999701977,29.154518952970474
1440x773,None,3,lodAtlas,true,34.29999999701977,29.154518952970474
1440x773,None,3,lodAtlas,true,34.29999999701977,29.154518952970474
1440x773,None,3,lodAtlas,true,34.29999999701977,29.154518952970474
1440x773,None,3,lodAtlas,true,34.29999999701977,29.154518952970474
1440x773,None,3,lodAtlas,true,34.29999999701977,29.154518952970474
1440x773,None,3,lodAtlas,true,34.29999999701977,29.154518952970474
1440x773,None,3,lodAtlas,true,34.29999999701977,29.154518952970474
1440x773,None,3,lodAtlas,true,34.29999999701977,29.154518952970474
1440x773,None,3,lodAtlas,true,34.29999999701977,29.154518952970474
1440x773,None,3,lodAtlas,true,34.29999999701977,29.154518952970474
1440x773,None,3,lodAtlas,true,34.29999999701977,29.154518952970474
1440x773,None,3,lodAtlas,true,34.29999999701977,29.154518952970474
1440x773,None,3,lodAtlas,true,34.29999999701977,29.154518952970474
1440x773,None,3,lodAtlas,true,34.29999999701977,29.154518952970474
1440x773,None,3,lodAtlas,true,34.29999999701977,29.154518952970474
1440x773,None,3,lodAtlas,true,34.29999999701977,29.154518952970474
1440x773,None,3,lodAtlas,true,34.29999999701977,29.154518952970474
1440x773,None,3,lodAtlas,true,34.29999999701977,29.154518952970474
1440x773,None,3,lodAtlas,true,34.29999999701977,29.154518952970474
1440x773,None,3,lodAtlas,true,34.30000001192093,29.154518940304694
1440x773,None,3,lodAtlas,true,34.30000001192093,29.154518940304694
1440x773,None,3,lodAtlas,true,34.30000001192093,29.154518940304694
1440x773,None,3,lodAtlas,true,34.30000001192093,29.154518940304694
1440x773,None,3,lodAtlas,true,34.3999999910593,29.069767449415814
1440x773,None,3,lodAtlas,true,34.3999999910593,29.069767449415814
1440x773,None,3,lodAtlas,true,34.3999999910593,29.069767449415814
1440x773,None,3,lodAtlas,true,34.3999999910593,29.069767449415814
1440x773,None,3,lodAtlas,true,34.3999999910593,29.069767449415814
1440x773,None,3,lodAtlas,true,34.3999999910593,29.069767449415814
1440x773,None,3,lodAtlas,true,34.3999999910593,29.069767449415814
1440x773,None,3,lodAtlas,true,34.3999999910593,29.069767449415814
1440x773,None,3,lodAtlas,true,34.3999999910593,29.069767449415814
1440x773,None,3,lodAtlas,true,34.3999999910593,29.069767449415814
1440x773,None,3,lodAtlas,true,34.3999999910593,29.069767449415814
1440x773,None,3,lodAtlas,true,34.3999999910593,29.069767449415814
1440x773,None,3,lodAtlas,true,34.3999999910593,29.069767449415814
1440x773,None,3,lodAtlas,true,34.3999999910593,29.069767449415814
1440x773,None,3,lodAtlas,true,34.3999999910593,29.069767449415814
1440x773,None,3,lodAtlas,true,34.400000005960464,29.069767436823568
1440x773,None,3,lodAtlas,true,34.400000005960464,29.069767436823568
1440x773,None,3,lodAtlas,true,34.400000005960464,29.069767436823568
1440x773,None,3,lodAtlas,true,34.400000005960464,29.069767436823568
1440x773,None,3,lodAtlas,true,34.400000005960464,29.069767436823568
1440x773,None,3,lodAtlas,true,34.400000005960464,29.069767436823568
1440x773,None,3,lodAtlas,true,34.400000005960464,29.069767436823568
1440x773,None,3,lodAtlas,true,34.400000005960464,29.069767436823568
1440x773,None,3,lodAtlas,true,34.400000005960464,29.069767436823568
1440x773,None,3,lodAtlas,true,34.400000005960464,29.069767436823568
1440x773,None,3,lodAtlas,true,34.400000005960464,29.069767436823568
1440x773,None,3,lodAtlas,true,34.400000005960464,29.069767436823568
1440x773,None,3,lodAtlas,true,34.400000005960464,29.069767436823568
1440x773,None,3,lodAtlas,true,34.400000005960464,29.069767436823568
1440x773,None,3,lodAtlas,true,34.400000005960464,29.069767436823568
1440x773,None,3,lodAtlas,true,34.5,28.985507246376812
1440x773,None,3,lodAtlas,true,34.5,28.985507246376812
1440x773,None,3,lodAtlas,true,34.5,28.985507246376812
1440x773,None,3,lodAtlas,true,34.5,28.985507246376812
1440x773,None,3,lodAtlas,true,34.5,28.985507246376812
1440x773,None,3,lodAtlas,true,34.5,28.985507246376812
1440x773,None,3,lodAtlas,true,34.5,28.985507246376812
1440x773,None,3,lodAtlas,true,34.5,28.985507246376812
1440x773,None,3,lodAtlas,true,34.5,28.985507246376812
1440x773,None,3,lodAtlas,true,34.5,28.985507246376812
1440x773,None,3,lodAtlas,true,34.5,28.985507246376812
1440x773,None,3,lodAtlas,true,34.5,28.985507246376812
1440x773,None,3,lodAtlas,true,34.5,28.985507246376812
1440x773,None,3,lodAtlas,true,34.5,28.985507246376812
1440x773,None,3,lodAtlas,true,34.5,28.985507246376812
1440x773,None,3,lodAtlas,true,34.5,28.985507246376812
1440x773,None,3,lodAtlas,true,34.5,28.985507246376812
1440x773,None,3,lodAtlas,true,34.5,28.985507246376812
1440x773,None,3,lodAtlas,true,34.5,28.985507246376812
1440x773,None,3,lodAtlas,true,34.5,28.985507246376812
1440x773,None,3,lodAtlas,true,34.5,28.985507246376812
1440x773,None,3,lodAtlas,true,34.5,28.985507246376812
1440x773,None,3,lodAtlas,true,34.5,28.985507246376812
1440x773,None,3,lodAtlas,true,34.599999994039536,28.901734109025078
1440x773,None,3,lodAtlas,true,34.599999994039536,28.901734109025078
1440x773,None,3,lodAtlas,true,34.599999994039536,28.901734109025078
1440x773,None,3,lodAtlas,true,34.599999994039536,28.901734109025078
1440x773,None,3,lodAtlas,true,34.599999994039536,28.901734109025078
1440x773,None,3,lodAtlas,true,34.599999994039536,28.901734109025078
1440x773,None,3,lodAtlas,true,34.599999994039536,28.901734109025078
1440x773,None,3,lodAtlas,true,34.599999994039536,28.901734109025078
1440x773,None,3,lodAtlas,true,34.599999994039536,28.901734109025078
1440x773,None,3,lodAtlas,true,34.599999994039536,28.901734109025078
1440x773,None,3,lodAtlas,true,34.599999994039536,28.901734109025078
1440x773,None,3,lodAtlas,true,34.599999994039536,28.901734109025078
1440x773,None,3,lodAtlas,true,34.599999994039536,28.901734109025078
1440x773,None,3,lodAtlas,true,34.599999994039536,28.901734109025078
1440x773,None,3,lodAtlas,true,34.599999994039536,28.901734109025078
1440x773,None,3,lodAtlas,true,34.599999994039536,28.901734109025078
1440x773,None,3,lodAtlas,true,34.599999994039536,28.901734109025078
1440x773,None,3,lodAtlas,true,34.599999994039536,28.901734109025078
1440x773,None,3,lodAtlas,true,34.599999994039536,28.901734109025078
1440x773,None,3,lodAtlas,true,34.599999994039536,28.901734109025078
1440x773,None,3,lodAtlas,true,34.599999994039536,28.901734109025078
1440x773,None,3,lodAtlas,true,34.6000000089407,28.901734096577986
1440x773,None,3,lodAtlas,true,34.6000000089407,28.901734096577986
1440x773,None,3,lodAtlas,true,34.6000000089407,28.901734096577986
1440x773,None,3,lodAtlas,true,34.6000000089407,28.901734096577986
1440x773,None,3,lodAtlas,true,34.6000000089407,28.901734096577986
1440x773,None,3,lodAtlas,true,34.6000000089407,28.901734096577986
1440x773,None,3,lodAtlas,true,34.6000000089407,28.901734096577986
1440x773,None,3,lodAtlas,true,34.6000000089407,28.901734096577986
1440x773,None,3,lodAtlas,true,34.6000000089407,28.901734096577986
1440x773,None,3,lodAtlas,true,34.6000000089407,28.901734096577986
1440x773,None,3,lodAtlas,true,34.6000000089407,28.901734096577986
1440x773,None,3,lodAtlas,true,34.6000000089407,28.901734096577986
1440x773,None,3,lodAtlas,true,34.69999998807907,28.818443813934945
1440x773,None,3,lodAtlas,true,34.69999998807907,28.818443813934945
1440x773,None,3,lodAtlas,true,34.69999998807907,28.818443813934945
1440x773,None,3,lodAtlas,true,34.69999998807907,28.818443813934945
1440x773,None,3,lodAtlas,true,34.69999998807907,28.818443813934945
1440x773,None,3,lodAtlas,true,34.69999998807907,28.818443813934945
1440x773,None,3,lodAtlas,true,34.69999998807907,28.818443813934945
1440x773,None,3,lodAtlas,true,34.69999998807907,28.818443813934945
1440x773,None,3,lodAtlas,true,34.70000000298023,28.818443801559493
1440x773,None,3,lodAtlas,true,34.70000000298023,28.818443801559493
1440x773,None,3,lodAtlas,true,34.70000000298023,28.818443801559493
1440x773,None,3,lodAtlas,true,34.70000000298023,28.818443801559493
1440x773,None,3,lodAtlas,true,34.70000000298023,28.818443801559493
1440x773,None,3,lodAtlas,true,34.70000000298023,28.818443801559493
1440x773,None,3,lodAtlas,true,34.70000000298023,28.818443801559493
1440x773,None,3,lodAtlas,true,34.70000000298023,28.818443801559493
1440x773,None,3,lodAtlas,true,34.70000000298023,28.818443801559493
1440x773,None,3,lodAtlas,true,34.70000000298023,28.818443801559493
1440x773,None,3,lodAtlas,true,34.70000000298023,28.818443801559493
1440x773,None,3,lodAtlas,true,34.70000000298023,28.818443801559493
1440x773,None,3,lodAtlas,true,34.79999999701977,28.73563218636893
1440x773,None,3,lodAtlas,true,34.79999999701977,28.73563218636893
1440x773,None,3,lodAtlas,true,34.79999999701977,28.73563218636893
1440x773,None,3,lodAtlas,true,34.79999999701977,28.73563218636893
1440x773,None,3,lodAtlas,true,34.79999999701977,28.73563218636893
1440x773,None,3,lodAtlas,true,34.79999999701977,28.73563218636893
1440x773,None,3,lodAtlas,true,34.79999999701977,28.73563218636893
1440x773,None,3,lodAtlas,true,34.79999999701977,28.73563218636893
1440x773,None,3,lodAtlas,true,34.79999999701977,28.73563218636893
1440x773,None,3,lodAtlas,true,34.79999999701977,28.73563218636893
1440x773,None,3,lodAtlas,true,34.79999999701977,28.73563218636893
1440x773,None,3,lodAtlas,true,34.79999999701977,28.73563218636893
1440x773,None,3,lodAtlas,true,34.79999999701977,28.73563218636893
1440x773,None,3,lodAtlas,true,34.79999999701977,28.73563218636893
1440x773,None,3,lodAtlas,true,34.79999999701977,28.73563218636893
1440x773,None,3,lodAtlas,true,34.79999999701977,28.73563218636893
1440x773,None,3,lodAtlas,true,34.79999999701977,28.73563218636893
1440x773,None,3,lodAtlas,true,34.79999999701977,28.73563218636893
1440x773,None,3,lodAtlas,true,34.79999999701977,28.73563218636893
1440x773,None,3,lodAtlas,true,34.79999999701977,28.73563218636893
1440x773,None,3,lodAtlas,true,34.79999999701977,28.73563218636893
1440x773,None,3,lodAtlas,true,34.79999999701977,28.73563218636893
1440x773,None,3,lodAtlas,true,34.80000001192093,28.7356321740645
1440x773,None,3,lodAtlas,true,34.8999999910593,28.653295136280242
1440x773,None,3,lodAtlas,true,34.8999999910593,28.653295136280242
1440x773,None,3,lodAtlas,true,34.8999999910593,28.653295136280242
1440x773,None,3,lodAtlas,true,34.8999999910593,28.653295136280242
1440x773,None,3,lodAtlas,true,34.8999999910593,28.653295136280242
1440x773,None,3,lodAtlas,true,34.8999999910593,28.653295136280242
1440x773,None,3,lodAtlas,true,34.8999999910593,28.653295136280242
1440x773,None,3,lodAtlas,true,34.900000005960464,28.65329512404622
1440x773,None,3,lodAtlas,true,34.900000005960464,28.65329512404622
1440x773,None,3,lodAtlas,true,34.900000005960464,28.65329512404622
1440x773,None,3,lodAtlas,true,34.900000005960464,28.65329512404622
1440x773,None,3,lodAtlas,true,34.900000005960464,28.65329512404622
1440x773,None,3,lodAtlas,true,35,28.571428571428573
1440x773,None,3,lodAtlas,true,35,28.571428571428573
1440x773,None,3,lodAtlas,true,35,28.571428571428573
1440x773,None,3,lodAtlas,true,35,28.571428571428573
1440x773,None,3,lodAtlas,true,35,28.571428571428573
1440x773,None,3,lodAtlas,true,35,28.571428571428573
1440x773,None,3,lodAtlas,true,35,28.571428571428573
1440x773,None,3,lodAtlas,true,35,28.571428571428573
1440x773,None,3,lodAtlas,true,35,28.571428571428573
1440x773,None,3,lodAtlas,true,35,28.571428571428573
1440x773,None,3,lodAtlas,true,35,28.571428571428573
1440x773,None,3,lodAtlas,true,35,28.571428571428573
1440x773,None,3,lodAtlas,true,35,28.571428571428573
1440x773,None,3,lodAtlas,true,35,28.571428571428573
1440x773,None,3,lodAtlas,true,35,28.571428571428573
1440x773,None,3,lodAtlas,true,35,28.571428571428573
1440x773,None,3,lodAtlas,true,35.099999994039536,28.49002849486649
1440x773,None,3,lodAtlas,true,35.099999994039536,28.49002849486649
1440x773,None,3,lodAtlas,true,35.099999994039536,28.49002849486649
1440x773,None,3,lodAtlas,true,35.099999994039536,28.49002849486649
1440x773,None,3,lodAtlas,true,35.099999994039536,28.49002849486649
1440x773,None,3,lodAtlas,true,35.099999994039536,28.49002849486649
1440x773,None,3,lodAtlas,true,35.099999994039536,28.49002849486649
1440x773,None,3,lodAtlas,true,35.099999994039536,28.49002849486649
1440x773,None,3,lodAtlas,true,35.1000000089407,28.49002848277149
1440x773,None,3,lodAtlas,true,35.1000000089407,28.49002848277149
1440x773,None,3,lodAtlas,true,35.1000000089407,28.49002848277149
1440x773,None,3,lodAtlas,true,35.1000000089407,28.49002848277149
1440x773,None,3,lodAtlas,true,35.19999998807907,28.40909091871201
1440x773,None,3,lodAtlas,true,35.19999998807907,28.40909091871201
1440x773,None,3,lodAtlas,true,35.20000000298023,28.409090906685634
1440x773,None,3,lodAtlas,true,35.20000000298023,28.409090906685634
1440x773,None,3,lodAtlas,true,35.20000000298023,28.409090906685634
1440x773,None,3,lodAtlas,true,35.20000000298023,28.409090906685634
1440x773,None,3,lodAtlas,true,35.20000000298023,28.409090906685634
1440x773,None,3,lodAtlas,true,35.20000000298023,28.409090906685634
1440x773,None,3,lodAtlas,true,35.20000000298023,28.409090906685634
1440x773,None,3,lodAtlas,true,35.20000000298023,28.409090906685634
1440x773,None,3,lodAtlas,true,35.20000000298023,28.409090906685634
1440x773,None,3,lodAtlas,true,35.20000000298023,28.409090906685634
1440x773,None,3,lodAtlas,true,35.20000000298023,28.409090906685634
1440x773,None,3,lodAtlas,true,35.20000000298023,28.409090906685634
1440x773,None,3,lodAtlas,true,35.20000000298023,28.409090906685634
1440x773,None,3,lodAtlas,true,35.20000000298023,28.409090906685634
1440x773,None,3,lodAtlas,true,35.20000000298023,28.409090906685634
1440x773,None,3,lodAtlas,true,35.20000000298023,28.409090906685634
1440x773,None,3,lodAtlas,true,35.29999999701977,28.328611900408664
1440x773,None,3,lodAtlas,true,35.29999999701977,28.328611900408664
1440x773,None,3,lodAtlas,true,35.29999999701977,28.328611900408664
1440x773,None,3,lodAtlas,true,35.29999999701977,28.328611900408664
1440x773,None,3,lodAtlas,true,35.29999999701977,28.328611900408664
1440x773,None,3,lodAtlas,true,35.29999999701977,28.328611900408664
1440x773,None,3,lodAtlas,true,35.29999999701977,28.328611900408664
1440x773,None,3,lodAtlas,true,35.29999999701977,28.328611900408664
1440x773,None,3,lodAtlas,true,35.29999999701977,28.328611900408664
1440x773,None,3,lodAtlas,true,35.29999999701977,28.328611900408664
1440x773,None,3,lodAtlas,true,35.29999999701977,28.328611900408664
1440x773,None,3,lodAtlas,true,35.30000001192093,28.32861188845033
1440x773,None,3,lodAtlas,true,35.30000001192093,28.32861188845033
1440x773,None,3,lodAtlas,true,35.30000001192093,28.32861188845033
1440x773,None,3,lodAtlas,true,35.30000001192093,28.32861188845033
1440x773,None,3,lodAtlas,true,35.3999999910593,28.24858757775599
1440x773,None,3,lodAtlas,true,35.3999999910593,28.24858757775599
1440x773,None,3,lodAtlas,true,35.3999999910593,28.24858757775599
1440x773,None,3,lodAtlas,true,35.3999999910593,28.24858757775599
1440x773,None,3,lodAtlas,true,35.3999999910593,28.24858757775599
1440x773,None,3,lodAtlas,true,35.3999999910593,28.24858757775599
1440x773,None,3,lodAtlas,true,35.3999999910593,28.24858757775599
1440x773,None,3,lodAtlas,true,35.3999999910593,28.24858757775599
1440x773,None,3,lodAtlas,true,35.3999999910593,28.24858757775599
1440x773,None,3,lodAtlas,true,35.3999999910593,28.24858757775599
1440x773,None,3,lodAtlas,true,35.400000005960464,28.248587565865122
1440x773,None,3,lodAtlas,true,35.400000005960464,28.248587565865122
1440x773,None,3,lodAtlas,true,35.400000005960464,28.248587565865122
1440x773,None,3,lodAtlas,true,35.400000005960464,28.248587565865122
1440x773,None,3,lodAtlas,true,35.400000005960464,28.248587565865122
1440x773,None,3,lodAtlas,true,35.400000005960464,28.248587565865122
1440x773,None,3,lodAtlas,true,35.400000005960464,28.248587565865122
1440x773,None,3,lodAtlas,true,35.5,28.169014084507044
1440x773,None,3,lodAtlas,true,35.5,28.169014084507044
1440x773,None,3,lodAtlas,true,35.5,28.169014084507044
1440x773,None,3,lodAtlas,true,35.5,28.169014084507044
1440x773,None,3,lodAtlas,true,35.5,28.169014084507044
1440x773,None,3,lodAtlas,true,35.5,28.169014084507044
1440x773,None,3,lodAtlas,true,35.5,28.169014084507044
1440x773,None,3,lodAtlas,true,35.5,28.169014084507044
1440x773,None,3,lodAtlas,true,35.5,28.169014084507044
1440x773,None,3,lodAtlas,true,35.5,28.169014084507044
1440x773,None,3,lodAtlas,true,35.5,28.169014084507044
1440x773,None,3,lodAtlas,true,35.5,28.169014084507044
1440x773,None,3,lodAtlas,true,35.5,28.169014084507044
1440x773,None,3,lodAtlas,true,35.5,28.169014084507044
1440x773,None,3,lodAtlas,true,35.5,28.169014084507044
1440x773,None,3,lodAtlas,true,35.5,28.169014084507044
1440x773,None,3,lodAtlas,true,35.599999994039536,28.089887645152494
1440x773,None,3,lodAtlas,true,35.599999994039536,28.089887645152494
1440x773,None,3,lodAtlas,true,35.599999994039536,28.089887645152494
1440x773,None,3,lodAtlas,true,35.6000000089407,28.089887633394856
1440x773,None,3,lodAtlas,true,35.6000000089407,28.089887633394856
1440x773,None,3,lodAtlas,true,35.70000000298023,28.011204479454346
1440x773,None,3,lodAtlas,true,35.70000000298023,28.011204479454346
1440x773,None,3,lodAtlas,true,35.70000000298023,28.011204479454346
1440x773,None,3,lodAtlas,true,35.70000000298023,28.011204479454346
1440x773,None,3,lodAtlas,true,35.70000000298023,28.011204479454346
1440x773,None,3,lodAtlas,true,35.79999999701977,27.932960896180077
1440x773,None,3,lodAtlas,true,35.79999999701977,27.932960896180077
1440x773,None,3,lodAtlas,true,35.79999999701977,27.932960896180077
1440x773,None,3,lodAtlas,true,35.80000001192093,27.93296088455344
1440x773,None,3,lodAtlas,true,35.8999999910593,27.85515321027979
1440x773,None,3,lodAtlas,true,35.8999999910593,27.85515321027979
1440x773,None,3,lodAtlas,true,35.8999999910593,27.85515321027979
1440x773,None,3,lodAtlas,true,35.900000005960464,27.855153198717836
1440x773,None,3,lodAtlas,true,36,27.77777777777778
1440x773,None,3,lodAtlas,true,36,27.77777777777778
1440x773,None,3,lodAtlas,true,36,27.77777777777778
1440x773,None,3,lodAtlas,true,36,27.77777777777778
1440x773,None,3,lodAtlas,true,36,27.77777777777778
1440x773,None,3,lodAtlas,true,36.099999994039536,27.700831029504428
1440x773,None,3,lodAtlas,true,36.099999994039536,27.700831029504428
1440x773,None,3,lodAtlas,true,36.1000000089407,27.70083101807023
1440x773,None,3,lodAtlas,true,36.19999998807907,27.624309401362083
1440x773,None,3,lodAtlas,true,36.19999998807907,27.624309401362083
1440x773,None,3,lodAtlas,true,36.20000000298023,27.62430938999097
1440x773,None,3,lodAtlas,true,36.20000000298023,27.62430938999097
1440x773,None,3,lodAtlas,true,36.20000000298023,27.62430938999097
1440x773,None,3,lodAtlas,true,36.20000000298023,27.62430938999097
1440x773,None,3,lodAtlas,true,36.20000000298023,27.62430938999097
1440x773,None,3,lodAtlas,true,36.29999999701977,27.548209368652895
1440x773,None,3,lodAtlas,true,36.29999999701977,27.548209368652895
1440x773,None,3,lodAtlas,true,36.29999999701977,27.548209368652895
1440x773,None,3,lodAtlas,true,36.29999999701977,27.548209368652895
1440x773,None,3,lodAtlas,true,36.3999999910593,27.47252747927537
1440x773,None,3,lodAtlas,true,36.3999999910593,27.47252747927537
1440x773,None,3,lodAtlas,true,36.3999999910593,27.47252747927537
1440x773,None,3,lodAtlas,true,36.400000005960464,27.472527468028872
1440x773,None,3,lodAtlas,true,36.400000005960464,27.472527468028872
1440x773,None,3,lodAtlas,true,36.400000005960464,27.472527468028872
1440x773,None,3,lodAtlas,true,36.5,27.397260273972602
1440x773,None,3,lodAtlas,true,36.5,27.397260273972602
1440x773,None,3,lodAtlas,true,36.599999994039536,27.322404376034267
1440x773,None,3,lodAtlas,true,36.599999994039536,27.322404376034267
1440x773,None,3,lodAtlas,true,36.599999994039536,27.322404376034267
1440x773,None,3,lodAtlas,true,36.6000000089407,27.322404364910348
1440x773,None,3,lodAtlas,true,36.6000000089407,27.322404364910348
1440x773,None,3,lodAtlas,true,36.69999998807907,27.247956412120462
1440x773,None,3,lodAtlas,true,36.69999998807907,27.247956412120462
1440x773,None,3,lodAtlas,true,36.69999998807907,27.247956412120462
1440x773,None,3,lodAtlas,true,36.70000000298023,27.247956401057078
1440x773,None,3,lodAtlas,true,36.70000000298023,27.247956401057078
1440x773,None,3,lodAtlas,true,36.70000000298023,27.247956401057078
1440x773,None,3,lodAtlas,true,36.70000000298023,27.247956401057078
1440x773,None,3,lodAtlas,true,36.79999999701977,27.17391304567893
1440x773,None,3,lodAtlas,true,36.79999999701977,27.17391304567893
1440x773,None,3,lodAtlas,true,36.8999999910593,27.100271009276295
1440x773,None,3,lodAtlas,true,36.8999999910593,27.100271009276295
1440x773,None,3,lodAtlas,true,36.8999999910593,27.100271009276295
1440x773,None,3,lodAtlas,true,36.8999999910593,27.100271009276295
1440x773,None,3,lodAtlas,true,36.900000005960464,27.100270998332515
1440x773,None,3,lodAtlas,true,37,27.027027027027028
1440x773,None,3,lodAtlas,true,37,27.027027027027028
1440x773,None,3,lodAtlas,true,37.099999994039536,26.954177901904565
1440x773,None,3,lodAtlas,true,37.20000000298023,26.88172042795393
1440x773,None,3,lodAtlas,true,37.20000000298023,26.88172042795393
1440x773,None,3,lodAtlas,true,37.29999999701977,26.809651476672894
1440x773,None,3,lodAtlas,true,37.30000001192093,26.809651465962574
1440x773,None,3,lodAtlas,true,37.400000005960464,26.737967910177254
1440x773,None,3,lodAtlas,true,37.400000005960464,26.737967910177254
1440x773,None,3,lodAtlas,true,37.5,26.666666666666668
1440x773,None,3,lodAtlas,true,37.5,26.666666666666668
1440x773,None,3,lodAtlas,true,37.5,26.666666666666668
1440x773,None,3,lodAtlas,true,37.599999994039536,26.5957446850671
1440x773,None,3,lodAtlas,true,37.6000000089407,26.59574467452701
1440x773,None,3,lodAtlas,true,37.6000000089407,26.59574467452701
1440x773,None,3,lodAtlas,true,37.69999998807907,26.525198947379444
1440x773,None,3,lodAtlas,true,37.70000000298023,26.525198936895194
1440x773,None,3,lodAtlas,true,37.70000000298023,26.525198936895194
1440x773,None,3,lodAtlas,true,37.80000001192093,26.455026446683373
1440x773,None,3,lodAtlas,true,37.900000005960464,26.385224270256774
1440x773,None,3,lodAtlas,true,38.20000000298023,26.17801046916187
1440x773,None,3,lodAtlas,true,38.29999999701977,26.1096605764442
1440x773,None,3,lodAtlas,true,38.29999999701977,26.1096605764442
1440x773,None,3,lodAtlas,true,38.3999999910593,26.041666672729963
1440x773,None,3,lodAtlas,true,38.3999999910593,26.041666672729963
1440x773,None,3,lodAtlas,true,38.400000005960464,26.04166666262447
1440x773,None,3,lodAtlas,true,38.5,25.974025974025974
1440x773,None,3,lodAtlas,true,39.29999999701977,25.445292622794728
1440x773,None,3,lodAtlas,true,39.29999999701977,25.445292622794728
1440x773,None,3,lodAtlas,true,39.900000005960464,25.062656637860023
1440x773,None,3,lodAtlas,true,40.1000000089407,24.93765585478903
1440x773,None,3,lodAtlas,true,41.400000005960464,24.15458936850308
1440x773,None,3,lodAtlas,true,44.5,22.471910112359552
